patient_id,heart_Rate,basis_gsr,skin_temperature,air_temperature,steps,sleep_quality,basal_insulin,temp_basal,bolus_insulin,carb,work_intensity,stress,illness,excersize,hypo,t6,t10,t13,t16,t18,t21,t24
559.0,0.44659303269420647,0.7257759757146545,0.7592759851320148,0.7445131508968457,0.04796376850116335,-0.10162369732900522,0.3224129422632238,-0.0022980988806402536,-0.0005061717919909725,0.016086746176176447,-0.008520138377635433,8.377314232888011e-05,0.0002771004114610065,-0.019142095863333708,-0.0036174973420282086,-0.18520622261836905,-0.06094212380776565,-0.05781943994356897,-0.06631681702190839,-0.05820969449023661,-0.07211180054527411,-0.16635604112866087
563.0,0.16421509450595195,0.8705348494285237,0.4119504907059799,0.36164096884305685,-0.18983665994031895,-0.28360613237823085,0.329715017505392,-0.00018872695730998146,-0.01176546204117912,-0.002474273918567249,-0.017001246950376192,0.0,0.0,-0.010579581104853908,-0.00035337663479939607,-0.3183171038750974,-0.19419136628640743,-0.2060212660412013,-0.17228095130909615,-0.07358044522381046,-0.1418240911417099,-0.1902219019652378
570.0,0.2300407470035788,0.6233637776140353,0.42012958768451725,0.39202359013813926,-0.13516000455501498,-0.17625460745455346,0.29934237663046037,-0.0024315876291707283,-0.030051099585231,0.0074262414414487665,-0.002882544790731245,0.0,0.0,-0.025269126349271254,-0.0015565494325606721,-0.28831577940629405,-0.18286485128980257,-0.13490594785476961,-0.16795105591771176,-0.11750970220666623,-0.1369472136574439,-0.1621097745466571
575.0,0.240250818863057,0.7495376979536275,0.4548765956966827,0.41219377270866087,-0.24169482371572037,-0.09730593973790569,0.37026628611084167,-0.009458610969732995,0.00978482322408869,0.01709688457068559,-0.018346962782363363,0.0,0.00023158869847161867,-0.002798109167814644,-0.01806817719623499,-0.24573293843987276,-0.12530188221382232,-0.1807448808519272,-0.1380329544648502,-0.11235071615241043,-0.15889928327821679,-0.1779458249054544
588.0,-0.07322630406606656,0.8195186435493369,0.1211615804612487,0.17012380623503276,-0.24904200643846597,-0.2728611571134838,0.21365252546450808,-0.018742849082030055,-0.03862525789746751,-0.06067637755662325,-0.021745863493502604,-0.0018745035422584877,0.00010688709160255883,0.001840208985533387,0.0005049701726411726,-0.3140212237899549,-0.26801481123112403,-0.16493263990227636,-0.1735431653024806,-0.16416725065727267,-0.1316610091175603,-0.15919627685724258
