patient_id,heart_Rate,basis_gsr,skin_temperature,air_temperature,steps,sleep_quality,basal_insulin,temp_basal,bolus_insulin,carb,work_intensity,stress,illness,exercise,hypo,t6,t10,t13,t16,t18,t21,t24
559,0.424398194,0.695447731,0.638965885,0.641383032,-0.002960553,-0.086619108,0.344570513,-0.016708364,-0.001934447,-0.010863235,-0.004230241,-6.49E-05,-0.001497654,0.001044387,-0.002796168,-0.183385542,-0.07241574,-0.059198448,-0.071479775,-0.040078587,-0.096206387,-0.161620071
563,0.140756746,0.850735658,0.43241898,0.308456752,-0.230184884,-0.313273019,0.329360608,-0.001075084,-0.04474569,-0.077874503,-0.007171889,0,0,-0.01588191,-0.001874324,-0.299238581,-0.205000516,-0.183933061,-0.19351197,-0.078714546,-0.163685557,-0.199105539
570,0.119614916,0.640754481,0.353635145,0.399873052,-0.181634873,-0.18301364,0.298252417,-0.002332286,-0.027013045,0.009219528,-0.000160234,0,0,-0.02318156,-0.000325309,-0.25319365,-0.15778386,-0.120379221,-0.179223244,-0.086934199,-0.135500339,-0.150447677
575,0.186070734,0.776080775,0.427142768,0.42688006,-0.206733879,-0.048203805,0.36542635,-0.00362928,-0.029500377,-0.026268417,-0.011198667,0,0,-0.000541471,-0.008765259,-0.238021009,-0.139459498,-0.162775457,-0.136616242,-0.137460506,-0.135412542,-0.158377398
588,-0.194326617,0.734258252,0.184184313,0.146969652,-0.327837919,-0.251293523,0.210937606,-0.008472925,-0.029501367,-0.06139124,-0.013481133,-9.35E-05,0.000154464,-0.015703951,-0.007408599,-0.284587534,-0.261144152,-0.199328899,-0.162891839,-0.144776424,-0.130472862,-0.185721227
